yield,concentration,farm
4.493574545,1,1
7.207263309,2,1
9.779015401,3,1
8.094853033,1,2
10.38424748,2,2
14.5550749,3,2
